{"pms": [5, 15, 25, 35, 45, 55, 65, 75, 85, 95], "stds": [0.020710680385348148, 0.05157460215354676, 0.06307923653826109, 0.07560044639354074, 0.08840700273166105, 0.10654824411750495, 0.1365769046410521, 0.18788349750979533, 0.2197654466800918, 0.25230975470658906], "means": [0.2067557285013046, 0.35486915690955206, 0.48148571877233276, 0.5809608066026548, 0.6393597022685555, 0.7554865918053675, 0.8473280645788259, 1.0022414329137368, 1.1498671972462635, 1.296773766615117]}