{"pms": [5, 15, 25, 35, 45, 55, 65, 75, 85, 95], "stds": [0.007763109032649508, 0.01484911547329868, 0.014285596429373376, 0.015827873557565285, 0.031780015006185366, 0.04405881517420778, 0.0654759038548204, 0.08078877430812882, 0.09361152019793861, 0.10896245627912894], "means": [0.1226054811935291, 0.15509020517987854, 0.17986441771492712, 0.19149457144310145, 0.22688823543322878, 0.2511612340406607, 0.29264378913867045, 0.3168475071572356, 0.33842556148863456, 0.36377220971627366]}